strain	date	region_exposure	country_exposure	division_exposure
USA/AR-Yale-S193/2021	2021-01-07	North America	USA	Arkansas
USA/AZ-Yale-S023/2020	2020-12-30	North America	USA	Arizona
USA/CA-Yale-1081/2020	2020-05-05	North America	USA	California
USA/CA-Yale-1082/2020	2020-05-05	North America	USA	California
USA/CT-Yale-001/2020	2020-03-06	North America	USA	Connecticut
USA/CT-Yale-002/2020	2020-03-10	North America	USA	Connecticut
USA/CT-Yale-003/2020	2020-03-08	North America	USA	Connecticut
USA/CT-Yale-005/2020	2020-03-09	North America	USA	Connecticut
USA/CT-Yale-006/2020	2020-03-13	North America	USA	Connecticut
USA/CT-Yale-007/2020	2020-03-13	North America	USA	Connecticut
USA/CT-Yale-008/2020	2020-03-13	North America	USA	Connecticut
USA/CT-Yale-009/2020	2020-03-12	North America	USA	Connecticut
USA/CT-Yale-010/2020	2020-03-14	North America	USA	Connecticut
USA/CT-Yale-011/2020	2020-03-11	North America	USA	Connecticut
USA/CT-Yale-012/2020	2020-03-19	North America	USA	Connecticut
USA/CT-Yale-013/2020	2020-03-19	North America	USA	Connecticut
USA/CT-Yale-014/2020	2020-03-19	North America	USA	Connecticut
USA/CT-Yale-016/2020	2020-03-19	North America	USA	Connecticut
USA/CT-Yale-017/2020	2020-03-19	North America	USA	Connecticut
USA/CT-Yale-018/2020	2020-03-19	North America	USA	Connecticut
USA/CT-Yale-019/2020	2020-03-19	North America	USA	Connecticut
USA/CT-Yale-020/2020	2020-03-19	North America	USA	Connecticut
USA/CT-Yale-021/2020	2020-03-19	North America	USA	Connecticut
USA/CT-Yale-023/2020	2020-03-18	North America	USA	Connecticut
USA/CT-Yale-024/2020	2020-03-18	North America	USA	Connecticut
USA/CT-Yale-027/2020	2020-03-19	North America	USA	Connecticut
USA/CT-Yale-028/2020	2020-03-18	North America	USA	Connecticut
USA/CT-Yale-029/2020	2020-03-18	North America	USA	Connecticut
USA/CT-Yale-031/2020	2020-03-18	North America	USA	Connecticut
USA/CT-Yale-032/2020	2020-03-18	North America	USA	Connecticut
USA/CT-Yale-033/2020	2020-03-18	North America	USA	Connecticut
USA/CT-Yale-034/2020	2020-03-15	North America	USA	Connecticut
USA/CT-Yale-035/2020	2020-03-18	North America	USA	Connecticut
USA/CT-Yale-036/2020	2020-03-16	North America	USA	Connecticut
USA/CT-Yale-037/2020	2020-03-16	North America	USA	Connecticut
USA/CT-Yale-038/2020	2020-03-17	North America	USA	Connecticut
USA/CT-Yale-039/2020	2020-03-17	North America	USA	Connecticut
USA/CT-Yale-040/2020	2020-03-12	North America	USA	Connecticut
USA/CT-Yale-041/2020	2020-03-16	North America	USA	Connecticut
USA/CT-Yale-042/2020	2020-03-19	North America	USA	Connecticut
USA/CT-Yale-043/2020	2020-03-19	North America	USA	Connecticut
USA/CT-Yale-044/2020	2020-03-23	North America	USA	Connecticut
USA/CT-Yale-045/2020	2020-03-23	North America	USA	Connecticut
USA/CT-Yale-046/2020	2020-03-24	North America	USA	Connecticut
USA/CT-Yale-047/2020	2020-03-24	North America	USA	Connecticut
USA/CT-Yale-048/2020	2020-03-25	North America	USA	Connecticut
USA/CT-Yale-051/2020	2020-03-26	North America	USA	Connecticut
USA/CT-Yale-052/2020	2020-03-26	North America	USA	Connecticut
USA/CT-Yale-053/2020	2020-03-30	North America	USA	Connecticut
USA/CT-Yale-054/2020	2020-03-27	North America	USA	Connecticut
USA/CT-Yale-055/2020	2020-03-27	North America	USA	Connecticut
USA/CT-Yale-056/2020	2020-03-27	North America	USA	Connecticut
USA/CT-Yale-057/2020	2020-03-28	North America	USA	Connecticut
USA/CT-Yale-058/2020	2020-03-28	North America	USA	Connecticut
USA/CT-Yale-059/2020	2020-03-28	North America	USA	Connecticut
USA/CT-Yale-060/2020	2020-04-01	North America	USA	Connecticut
USA/CT-Yale-061/2020	2020-03-31	North America	USA	Connecticut
USA/CT-Yale-062/2020	2020-03-31	North America	USA	Connecticut
USA/CT-Yale-065/2020	2020-04-02	North America	USA	Connecticut
USA/CT-Yale-066/2020	2020-04-04	North America	USA	Connecticut
USA/CT-Yale-067/2020	2020-04-04	North America	USA	Connecticut
USA/CT-Yale-068/2020	2020-04-03	North America	USA	Connecticut
USA/CT-Yale-070/2020	2020-03-26	North America	USA	Connecticut
USA/CT-Yale-072/2020	2020-03-30	North America	USA	Connecticut
USA/CT-Yale-073/2020	2020-04-02	North America	USA	Connecticut
USA/CT-Yale-075/2020	2020-04-02	North America	USA	Connecticut
USA/CT-Yale-076/2020	2020-04-04	North America	USA	Connecticut
USA/CT-Yale-079/2020	2020-03-02	North America	USA	Connecticut
USA/CT-Yale-080/2020	2020-04-06	North America	USA	Connecticut
USA/CT-Yale-082/2020	2020-04-07	North America	USA	Connecticut
USA/CT-Yale-084/2020	2020-04-06	North America	USA	Connecticut
USA/CT-Yale-086/2020	2020-04-07	North America	USA	Connecticut
USA/CT-Yale-088/2020	2020-04-06	North America	USA	Connecticut
USA/CT-Yale-089/2020	2020-04-07	North America	USA	Connecticut
USA/CT-Yale-091/2020	2020-04-07	North America	USA	Connecticut
USA/CT-Yale-092/2020	2020-04-07	North America	USA	Connecticut
USA/CT-Yale-094/2020	2020-04-07	North America	USA	Connecticut
USA/CT-Yale-095/2020	2020-04-08	North America	USA	Connecticut
USA/CT-Yale-098/2020	2020-04-02	North America	USA	Connecticut
USA/CT-Yale-099/2020	2020-04-07	North America	USA	Connecticut
USA/CT-Yale-100/2020	2020-04-06	North America	USA	Connecticut
USA/CT-Yale-1000/2021	2021-01	North America	USA	Connecticut
USA/CT-Yale-1001/2021	2021-01	North America	USA	Connecticut
USA/CT-Yale-1002/2021	2021-01	North America	USA	Connecticut
USA/CT-Yale-1003/2021	2021-01	North America	USA	Connecticut
USA/CT-Yale-1004/2021	2021-01	North America	USA	Connecticut
USA/CT-Yale-1005/2020	2020-12	North America	USA	Connecticut
USA/CT-Yale-1006/2021	2021-01	North America	USA	Connecticut
USA/CT-Yale-1007/2021	2021-01	North America	USA	Connecticut
USA/CT-Yale-1008/2021	2021-01	North America	USA	Connecticut
USA/CT-Yale-1009/2021	2021-01	North America	USA	Connecticut
USA/CT-Yale-1010/2021	2021-01	North America	USA	Connecticut
USA/CT-Yale-1011/2021	2021-01	North America	USA	Connecticut
USA/CT-Yale-1012/2021	2021-01	North America	USA	Connecticut
USA/CT-Yale-1013/2021	2021-01	North America	USA	Connecticut
USA/CT-Yale-1014/2021	2021-01	North America	USA	Connecticut
USA/CT-Yale-1015/2021	2021-01	North America	USA	Connecticut
USA/CT-Yale-1016/2021	2021-01	North America	USA	Connecticut
USA/CT-Yale-1017/2021	2021-01	North America	USA	Connecticut
USA/CT-Yale-1018/2021	2021-01	North America	USA	Connecticut
USA/CT-Yale-1019/2021	2021-01	North America	USA	Connecticut
USA/CT-Yale-102/2020	2020-04-06	North America	USA	Connecticut
USA/CT-Yale-1021/2020	2020-05-01	North America	USA	Connecticut
USA/CT-Yale-1022/2020	2020-05-13	North America	USA	Connecticut
USA/CT-Yale-1024/2020	2020-05-14	North America	USA	Connecticut
USA/CT-Yale-1025/2020	2020-04-07	North America	USA	Connecticut
USA/CT-Yale-1032/2020	2020-04-12	North America	USA	Connecticut
USA/CT-Yale-1038/2020	2020-04-23	North America	USA	Connecticut
USA/CT-Yale-1039/2020	2020-04-23	North America	USA	Connecticut
USA/CT-Yale-1045/2020	2020-04-28	North America	USA	Connecticut
USA/CT-Yale-1046/2020	2020-04-28	North America	USA	Connecticut
USA/CT-Yale-1047/2020	2020-05-01	North America	USA	Connecticut
USA/CT-Yale-105/2020	2020-04-07	North America	USA	Connecticut
USA/CT-Yale-1050/2020	2020-07-27	North America	USA	Connecticut
USA/CT-Yale-106/2020	2020-04-07	North America	USA	Connecticut
USA/CT-Yale-107/2020	2020-04-07	North America	USA	Connecticut
USA/CT-Yale-108/2020	2020-04-07	North America	USA	Connecticut
USA/CT-Yale-109/2020	2020-04-08	North America	USA	Connecticut
USA/CT-Yale-110/2020	2020-04-09	North America	USA	Connecticut
USA/CT-Yale-1104/2020	2020-12-28	North America	USA	Connecticut
USA/CT-Yale-1105/2020	2020-12-28	North America	USA	Connecticut
USA/CT-Yale-1106/2020	2020-12-29	North America	USA	Connecticut
USA/CT-Yale-111/2020	2020-04-09	North America	USA	Connecticut
USA/CT-Yale-1110/2020	2020-12-28	North America	USA	Connecticut
USA/CT-Yale-1111/2020	2020-12-28	North America	USA	Connecticut
USA/CT-Yale-1112/2020	2020-12-18	North America	USA	Connecticut
USA/CT-Yale-1113/2020	2020-12-28	North America	USA	Connecticut
USA/CT-Yale-1114/2020	2020-12-29	North America	USA	Connecticut
USA/CT-Yale-1115/2020	2020-12-29	North America	USA	Connecticut
USA/CT-Yale-1116/2020	2020-12-29	North America	USA	Connecticut
USA/CT-Yale-1118/2020	2020-12-29	North America	USA	Connecticut
USA/CT-Yale-1119/2020	2020-12-29	North America	USA	Connecticut
USA/CT-Yale-112/2020	2020-04-09	North America	USA	Connecticut
USA/CT-Yale-1120/2020	2020-12-22	North America	USA	Connecticut
USA/CT-Yale-1121/2020	2020-12-21	North America	USA	Connecticut
USA/CT-Yale-1122/2020	2020-12-18	North America	USA	Connecticut
USA/CT-Yale-1124/2020	2020-12-29	North America	USA	Connecticut
USA/CT-Yale-1125/2020	2020-12-21	North America	USA	Connecticut
USA/CT-Yale-1126/2020	2020-12-28	North America	USA	Connecticut
USA/CT-Yale-1127/2020	2020-12-28	North America	USA	Connecticut
USA/CT-Yale-1128/2020	2020-12-21	North America	USA	Connecticut
USA/CT-Yale-1129/2020	2020-12-28	North America	USA	Connecticut
USA/CT-Yale-113/2020	2020-04-09	North America	USA	Connecticut
USA/CT-Yale-1130/2020	2020-12-22	North America	USA	Connecticut
USA/CT-Yale-1131/2020	2020-12-18	North America	USA	Connecticut
USA/CT-Yale-1132/2020	2020-12-23	North America	USA	Connecticut
USA/CT-Yale-1133/2020	2020-12-21	North America	USA	Connecticut
USA/CT-Yale-1134/2020	2020-12-15	North America	USA	Connecticut
USA/CT-Yale-1135/2020	2020-12-29	North America	USA	Connecticut
USA/CT-Yale-1137/2020	2020-12-15	North America	USA	Connecticut
USA/CT-Yale-1138/2020	2020-12-28	North America	USA	Connecticut
USA/CT-Yale-1139/2020	2020-12-22	North America	USA	Connecticut
USA/CT-Yale-114/2020	2020-04-10	North America	USA	Connecticut
USA/CT-Yale-1140/2020	2020-12-30	North America	USA	Connecticut
USA/CT-Yale-1141/2021	2021-01-05	North America	USA	Connecticut
USA/CT-Yale-1142/2021	2021-01-05	North America	USA	Connecticut
USA/CT-Yale-1143/2020	2020-12-02	North America	USA	Connecticut
USA/CT-Yale-1144/2020	2020-12-22	North America	USA	Connecticut
USA/CT-Yale-1146/2020	2020-12-29	North America	USA	Connecticut
USA/CT-Yale-1147/2020	2020-12-29	North America	USA	Connecticut
USA/CT-Yale-1148/2020	2020-12-19	North America	USA	Connecticut
USA/CT-Yale-115/2020	2020-04-11	North America	USA	Connecticut
USA/CT-Yale-1150/2020	2020-12-28	North America	USA	Connecticut
USA/CT-Yale-1151/2020	2020-12-29	North America	USA	Connecticut
USA/CT-Yale-1152/2020	2020-12-08	North America	USA	Connecticut
USA/CT-Yale-1153/2021	2021-01-04	North America	USA	Connecticut
USA/CT-Yale-1155/2020	2020-12-07	North America	USA	Connecticut
USA/CT-Yale-1156/2020	2020-12-08	North America	USA	Connecticut
USA/CT-Yale-1158/2020	2020-12-14	North America	USA	Connecticut
USA/CT-Yale-1159/2020	2020-12-21	North America	USA	Connecticut
USA/CT-Yale-116/2020	2020-04-10	North America	USA	Connecticut
USA/CT-Yale-1160/2020	2020-12-09	North America	USA	Connecticut
USA/CT-Yale-1161/2020	2020-12-07	North America	USA	Connecticut
USA/CT-Yale-1162/2020	2020-12-07	North America	USA	Connecticut
USA/CT-Yale-1165/2020	2020-12-14	North America	USA	Connecticut
USA/CT-Yale-1166/2020	2020-12-22	North America	USA	Connecticut
USA/CT-Yale-1167/2020	2020-12-21	North America	USA	Connecticut
USA/CT-Yale-1168/2020	2020-12-09	North America	USA	Connecticut
USA/CT-Yale-1169/2020	2020-11-30	North America	USA	Connecticut
USA/CT-Yale-117/2020	2020-04-11	North America	USA	Connecticut
USA/CT-Yale-1173/2020	2020-12-24	North America	USA	Connecticut
USA/CT-Yale-1174/2021	2021-01-05	North America	USA	Connecticut
USA/CT-Yale-1176/2020	2020-12-14	North America	USA	Connecticut
USA/CT-Yale-1177/2020	2020-11-20	North America	USA	Connecticut
USA/CT-Yale-1178/2020	2020-11-22	North America	USA	Connecticut
USA/CT-Yale-1180/2020	2020-11-19	North America	USA	Connecticut
USA/CT-Yale-1185/2020	2020-12-20	North America	USA	Connecticut
USA/CT-Yale-1186/2020	2020-12-09	North America	USA	Connecticut
USA/CT-Yale-1187/2020	2020-12-14	North America	USA	Connecticut
USA/CT-Yale-1188/2020	2020-12-07	North America	USA	Connecticut
USA/CT-Yale-1189/2021	2021-01-05	North America	USA	Connecticut
USA/CT-Yale-1191/2021	2021-01-05	North America	USA	Connecticut
USA/CT-Yale-1192/2021	2021-01-13	North America	USA	Connecticut
USA/CT-Yale-1193/2021	2021-01-13	North America	USA	Connecticut
USA/CT-Yale-1194/2021	2021-01-12	North America	USA	Connecticut
USA/CT-Yale-1195/2021	2021-01-13	North America	USA	Connecticut
USA/CT-Yale-1196/2021	2021-01-13	North America	USA	Connecticut
USA/CT-Yale-120/2020	2020-04-11	North America	USA	Connecticut
USA/CT-Yale-121/2020	2020-04-11	North America	USA	Connecticut
USA/CT-Yale-1213/2021	2021-01-24	North America	USA	Connecticut
USA/CT-Yale-1214/2021	2021-01-25	North America	USA	Connecticut
USA/CT-Yale-1215/2021	2021-01-26	North America	USA	Connecticut
USA/CT-Yale-1216/2021	2021-01-29	North America	USA	Connecticut
USA/CT-Yale-1217/2021	2021-01-31	North America	USA	Connecticut
USA/CT-Yale-1218/2021	2021-01-29	North America	USA	Connecticut
USA/CT-Yale-1219/2021	2021-01-27	North America	USA	Connecticut
USA/CT-Yale-1220/2021	2021-01-27	North America	USA	Connecticut
USA/CT-Yale-1221/2021	2021-01-23	North America	USA	Connecticut
USA/CT-Yale-1222/2021	2021-01-24	North America	USA	Connecticut
USA/CT-Yale-1223/2021	2021-01-24	North America	USA	Connecticut
USA/CT-Yale-1224/2021	2021-01-25	North America	USA	Connecticut
USA/CT-Yale-1227/2021	2021-01-27	North America	USA	Connecticut
USA/CT-Yale-1228/2021	2021-01-27	North America	USA	Connecticut
USA/CT-Yale-123/2020	2020-04-11	North America	USA	Connecticut
USA/CT-Yale-1230/2021	2021-01-26	North America	USA	Connecticut
USA/CT-Yale-1232/2021	2021-01-29	North America	USA	Connecticut
USA/CT-Yale-1233/2021	2021-01-27	North America	USA	Connecticut
USA/CT-Yale-1234/2021	2021-01-26	North America	USA	Connecticut
USA/CT-Yale-124/2020	2020-04-16	North America	USA	Connecticut
USA/CT-Yale-125/2020	2020-04-09	North America	USA	Connecticut
USA/CT-Yale-127/2020	2020-04-13	North America	USA	Connecticut
USA/CT-Yale-128/2020	2020-04-16	North America	USA	Connecticut
USA/CT-Yale-1280/2020	2020-08-04	North America	USA	Connecticut
USA/CT-Yale-1284/2020	2020-08-17	North America	USA	Connecticut
USA/CT-Yale-129/2020	2020-04-13	North America	USA	Connecticut
USA/CT-Yale-130/2020	2020-04-13	North America	USA	Connecticut
USA/CT-Yale-1308/2020	2020-07-23	North America	USA	Connecticut
USA/CT-Yale-131/2020	2020-04-16	North America	USA	Connecticut
USA/CT-Yale-1318/2021	2021-01-11	North America	USA	Connecticut
USA/CT-Yale-1321/2021	2021-01-12	North America	USA	Connecticut
USA/CT-Yale-1328/2020	2020-12-07	North America	USA	Connecticut
USA/CT-Yale-133/2020	2020-04-10	North America	USA	Connecticut
USA/CT-Yale-1330/2020	2020-12-06	North America	USA	Connecticut
USA/CT-Yale-1333/2020	2020-12-15	North America	USA	Connecticut
USA/CT-Yale-1335/2020	2020-12-01	North America	USA	Connecticut
USA/CT-Yale-1336/2020	2020-11-30	North America	USA	Connecticut
USA/CT-Yale-1338/2021	2021-01-05	North America	USA	Connecticut
USA/CT-Yale-134/2020	2020-04-16	North America	USA	Connecticut
USA/CT-Yale-1340/2020	2020-12-03	North America	USA	Connecticut
USA/CT-Yale-1341/2020	2020-11-20	North America	USA	Connecticut
USA/CT-Yale-1344/2021	2021-01-05	North America	USA	Connecticut
USA/CT-Yale-1349/2021	2021-01-12	North America	USA	Connecticut
USA/CT-Yale-1350/2021	2021-01-12	North America	USA	Connecticut
USA/CT-Yale-1351/2021	2021-01-12	North America	USA	Connecticut
USA/CT-Yale-1354/2021	2021-01-12	North America	USA	Connecticut
USA/CT-Yale-1355/2021	2021-01-12	North America	USA	Connecticut
USA/CT-Yale-1358/2021	2021-01-12	North America	USA	Connecticut
USA/CT-Yale-1362/2021	2021-01-11	North America	USA	Connecticut
USA/CT-Yale-1363/2021	2021-01-14	North America	USA	Connecticut
USA/CT-Yale-1364/2021	2021-01-16	North America	USA	Connecticut
USA/CT-Yale-1365/2021	2021-01-14	North America	USA	Connecticut
USA/CT-Yale-138/2020	2020-04-17	North America	USA	Connecticut
USA/CT-Yale-139/2020	2020-03-21	North America	USA	Connecticut
USA/CT-Yale-140/2020	2020-03-21	North America	USA	Connecticut
USA/CT-Yale-141/2020	2020-03-21	North America	USA	Connecticut
USA/CT-Yale-142/2020	2020-03-21	North America	USA	Connecticut
USA/CT-Yale-143/2020	2020-03-21	North America	USA	Connecticut
USA/CT-Yale-144/2020	2020-03-21	North America	USA	Connecticut
USA/CT-Yale-145/2020	2020-03-21	North America	USA	Connecticut
USA/CT-Yale-146/2020	2020-03-25	North America	USA	Connecticut
USA/CT-Yale-147/2020	2020-03-25	North America	USA	Connecticut
USA/CT-Yale-148/2020	2020-03-25	North America	USA	Connecticut
USA/CT-Yale-149/2020	2020-03-26	North America	USA	Connecticut
USA/CT-Yale-150/2020	2020-04-24	North America	USA	Connecticut
USA/CT-Yale-151/2020	2020-03-13	North America	USA	Connecticut
USA/CT-Yale-153/2020	2020-04-29	North America	USA	Connecticut
USA/CT-Yale-199/2020	2020-03-30	North America	USA	Connecticut
USA/CT-Yale-201/2020	2020-03-30	North America	USA	Connecticut
USA/CT-Yale-202/2020	2020-03-30	North America	USA	Connecticut
USA/CT-Yale-203/2020	2020-03-30	North America	USA	Connecticut
USA/CT-Yale-204/2020	2020-03-30	North America	USA	Connecticut
USA/CT-Yale-205/2020	2020-03-30	North America	USA	Connecticut
USA/CT-Yale-206/2020	2020-03-30	North America	USA	Connecticut
USA/CT-Yale-207/2020	2020-03-30	North America	USA	Connecticut
USA/CT-Yale-208/2020	2020-03-30	North America	USA	Connecticut
USA/CT-Yale-209/2020	2020-03-30	North America	USA	Connecticut
USA/CT-Yale-210/2020	2020-03-30	North America	USA	Connecticut
USA/CT-Yale-212/2020	2020-03-30	North America	USA	Connecticut
USA/CT-Yale-213/2020	2020-03-30	North America	USA	Connecticut
USA/CT-Yale-215/2020	2020-03-31	North America	USA	Connecticut
USA/CT-Yale-216/2020	2020-03-31	North America	USA	Connecticut
USA/CT-Yale-217/2020	2020-03-31	North America	USA	Connecticut
USA/CT-Yale-218/2020	2020-03-31	North America	USA	Connecticut
USA/CT-Yale-220/2020	2020-03-31	North America	USA	Connecticut
USA/CT-Yale-221/2020	2020-03-31	North America	USA	Connecticut
USA/CT-Yale-222/2020	2020-03-31	North America	USA	Connecticut
USA/CT-Yale-223/2020	2020-03-31	North America	USA	Connecticut
USA/CT-Yale-225/2020	2020-03-31	North America	USA	Connecticut
USA/CT-Yale-226/2020	2020-03-31	North America	USA	Connecticut
USA/CT-Yale-227/2020	2020-03-31	North America	USA	Connecticut
USA/CT-Yale-228/2020	2020-03-31	North America	USA	Connecticut
USA/CT-Yale-229/2020	2020-03-31	North America	USA	Connecticut
USA/CT-Yale-230/2020	2020-03-31	North America	USA	Connecticut
USA/CT-Yale-232/2020	2020-03-31	North America	USA	Connecticut
USA/CT-Yale-233/2020	2020-03-31	North America	USA	Connecticut
USA/CT-Yale-234/2020	2020-04-01	North America	USA	Connecticut
USA/CT-Yale-236/2020	2020-04-01	North America	USA	Connecticut
USA/CT-Yale-237/2020	2020-04-01	North America	USA	Connecticut
USA/CT-Yale-238/2020	2020-04-01	North America	USA	Connecticut
USA/CT-Yale-239/2020	2020-04-01	North America	USA	Connecticut
USA/CT-Yale-240/2020	2020-04-01	North America	USA	Connecticut
USA/CT-Yale-241/2020	2020-04-01	North America	USA	Connecticut
USA/CT-Yale-242/2020	2020-04-01	North America	USA	Connecticut
USA/CT-Yale-243/2020	2020-04-01	North America	USA	Connecticut
USA/CT-Yale-244/2020	2020-04-01	North America	USA	Connecticut
USA/CT-Yale-245/2020	2020-04-01	North America	USA	Connecticut
USA/CT-Yale-246/2020	2020-04-01	North America	USA	Connecticut
USA/CT-Yale-247/2020	2020-04-01	North America	USA	Connecticut
USA/CT-Yale-248/2020	2020-04-01	North America	USA	Connecticut
USA/CT-Yale-250/2020	2020-04-01	North America	USA	Connecticut
USA/CT-Yale-252/2020	2020-04-01	North America	USA	Connecticut
USA/CT-Yale-253/2020	2020-04-01	North America	USA	Connecticut
USA/CT-Yale-254/2020	2020-04-01	North America	USA	Connecticut
USA/CT-Yale-255/2020	2020-04-01	North America	USA	Connecticut
USA/CT-Yale-256/2020	2020-04-01	North America	USA	Connecticut
USA/CT-Yale-257/2020	2020-04-01	North America	USA	Connecticut
USA/CT-Yale-258/2020	2020-04-01	North America	USA	Connecticut
USA/CT-Yale-259/2020	2020-04-01	North America	USA	Connecticut
USA/CT-Yale-260/2020	2020-04-01	North America	USA	Connecticut
USA/CT-Yale-261/2020	2020-04-01	North America	USA	Connecticut
USA/CT-Yale-262/2020	2020-04-01	North America	USA	Connecticut
USA/CT-Yale-263/2020	2020-04-02	North America	USA	Connecticut
USA/CT-Yale-264/2020	2020-04-02	North America	USA	Connecticut
USA/CT-Yale-266/2020	2020-04-02	North America	USA	Connecticut
USA/CT-Yale-267/2020	2020-04-02	North America	USA	Connecticut
USA/CT-Yale-268/2020	2020-04-02	North America	USA	Connecticut
USA/CT-Yale-270/2020	2020-04-02	North America	USA	Connecticut
USA/CT-Yale-271/2020	2020-04-02	North America	USA	Connecticut
USA/CT-Yale-273/2020	2020-04-02	North America	USA	Connecticut
USA/CT-Yale-274/2020	2020-04-02	North America	USA	Connecticut
USA/CT-Yale-275/2020	2020-04-02	North America	USA	Connecticut
USA/CT-Yale-276/2020	2020-04-02	North America	USA	Connecticut
USA/CT-Yale-277/2020	2020-04-02	North America	USA	Connecticut
USA/CT-Yale-278/2020	2020-04-02	North America	USA	Connecticut
USA/CT-Yale-279/2020	2020-04-02	North America	USA	Connecticut
USA/CT-Yale-280/2020	2020-04-02	North America	USA	Connecticut
USA/CT-Yale-282/2020	2020-04-02	North America	USA	Connecticut
USA/CT-Yale-283/2020	2020-04-02	North America	USA	Connecticut
USA/CT-Yale-284/2020	2020-04-02	North America	USA	Connecticut
USA/CT-Yale-285/2020	2020-04-02	North America	USA	Connecticut
USA/CT-Yale-286/2020	2020-04-02	North America	USA	Connecticut
USA/CT-Yale-287/2020	2020-03-27	North America	USA	Connecticut
USA/CT-Yale-288/2020	2020-03-27	North America	USA	Connecticut
USA/CT-Yale-289/2020	2020-03-28	North America	USA	Connecticut
USA/CT-Yale-291/2020	2020-03-28	North America	USA	Connecticut
USA/CT-Yale-292/2020	2020-03-28	North America	USA	Connecticut
USA/CT-Yale-293/2020	2020-03-27	North America	USA	Connecticut
USA/CT-Yale-294/2020	2020-03-28	North America	USA	Connecticut
USA/CT-Yale-295/2020	2020-03-28	North America	USA	New York
USA/CT-Yale-296/2020	2020-03-28	North America	USA	Connecticut
USA/CT-Yale-297/2020	2020-03-28	North America	USA	Connecticut
USA/CT-Yale-298/2020	2020-03-28	North America	USA	Connecticut
USA/CT-Yale-299/2020	2020-03-28	North America	USA	Connecticut
USA/CT-Yale-300/2020	2020-03-28	North America	USA	Connecticut
USA/CT-Yale-301/2020	2020-03-28	North America	USA	Connecticut
USA/CT-Yale-302/2020	2020-03-28	North America	USA	Connecticut
USA/CT-Yale-303/2020	2020-03-30	North America	USA	Connecticut
USA/CT-Yale-304/2020	2020-03-30	North America	USA	Connecticut
USA/CT-Yale-305/2020	2020-03-30	North America	USA	Connecticut
USA/CT-Yale-306/2020	2020-03-30	North America	USA	Connecticut
USA/CT-Yale-308/2020	2020-03-30	North America	USA	Connecticut
USA/CT-Yale-309/2020	2020-03-30	North America	USA	Connecticut
USA/CT-Yale-310/2020	2020-03-30	North America	USA	Connecticut
USA/CT-Yale-311/2020	2020-03-31	North America	USA	Connecticut
USA/CT-Yale-312/2020	2020-03-31	North America	USA	Connecticut
USA/CT-Yale-313/2020	2020-03-31	North America	USA	Connecticut
USA/CT-Yale-314/2020	2020-03-31	North America	USA	Connecticut
USA/CT-Yale-315/2020	2020-03-31	North America	USA	Connecticut
USA/CT-Yale-316/2020	2020-03-31	North America	USA	Connecticut
USA/CT-Yale-317/2020	2020-03-31	North America	USA	Connecticut
USA/CT-Yale-318/2020	2020-03-31	North America	USA	Connecticut
USA/CT-Yale-319/2020	2020-04-01	North America	USA	Connecticut
USA/CT-Yale-320/2020	2020-04-01	North America	USA	Connecticut
USA/CT-Yale-321/2020	2020-04-01	North America	USA	Connecticut
USA/CT-Yale-322/2020	2020-04-01	North America	USA	Connecticut
USA/CT-Yale-323/2020	2020-04-01	North America	USA	Connecticut
USA/CT-Yale-324/2020	2020-04-01	North America	USA	Connecticut
USA/CT-Yale-325/2020	2020-04-01	North America	USA	Connecticut
USA/CT-Yale-326/2020	2020-04-01	North America	USA	Connecticut
USA/CT-Yale-327/2020	2020-04-01	North America	USA	Connecticut
USA/CT-Yale-328/2020	2020-04-01	North America	USA	Connecticut
USA/CT-Yale-330/2020	2020-04-01	North America	USA	Connecticut
USA/CT-Yale-333/2020	2020-05-12	North America	USA	Connecticut
USA/CT-Yale-341/2020	2020-04-29	North America	USA	Connecticut
USA/CT-Yale-342/2020	2020-04-29	North America	USA	Connecticut
USA/CT-Yale-343/2020	2020-08-14	North America	USA	Connecticut
USA/CT-Yale-344/2020	2020-08-17	North America	USA	Connecticut
USA/CT-Yale-345/2020	2020-08-17	North America	USA	Connecticut
USA/CT-Yale-346/2020	2020-08-17	North America	USA	Connecticut
USA/CT-Yale-347/2020	2020-08-17	North America	USA	Connecticut
USA/CT-Yale-348/2020	2020-08-17	North America	USA	Connecticut
USA/CT-Yale-349/2020	2020-08-17	North America	USA	Connecticut
USA/CT-Yale-350/2020	2020-08-17	North America	USA	Connecticut
USA/CT-Yale-351/2020	2020-08-17	North America	USA	Connecticut
USA/CT-Yale-352/2020	2020-08-17	North America	USA	Connecticut
USA/CT-Yale-353/2020	2020-08-17	North America	USA	Connecticut
USA/CT-Yale-354/2020	2020-08-17	North America	USA	Connecticut
USA/CT-Yale-355/2020	2020-08-17	North America	USA	Connecticut
USA/CT-Yale-357/2020	2020-08-17	North America	USA	Connecticut
USA/CT-Yale-358/2020	2020-08-17	North America	USA	Connecticut
USA/CT-Yale-359/2020	2020-08-17	North America	USA	Connecticut
USA/CT-Yale-360/2020	2020-08-17	North America	USA	Connecticut
USA/CT-Yale-362/2020	2020-08-17	North America	USA	Connecticut
USA/CT-Yale-363/2020	2020-08-17	North America	USA	Connecticut
USA/CT-Yale-365/2020	2020-08-17	North America	USA	Connecticut
USA/CT-Yale-366/2020	2020-08-17	North America	USA	Connecticut
USA/CT-Yale-367/2020	2020-08-17	North America	USA	Connecticut
USA/CT-Yale-368/2020	2020-08-17	North America	USA	Connecticut
USA/CT-Yale-369/2020	2020-08-17	North America	USA	Connecticut
USA/CT-Yale-370/2020	2020-08-17	North America	USA	Connecticut
USA/CT-Yale-371/2020	2020-08-17	North America	USA	Connecticut
USA/CT-Yale-375/2020	2020-04-24	North America	USA	Delaware
USA/CT-Yale-376/2020	2020-04-21	North America	USA	Delaware
USA/CT-Yale-377/2020	2020-04-21	North America	USA	Delaware
USA/CT-Yale-378/2020	2020-04-29	North America	USA	Delaware
USA/CT-Yale-381/2020	2020-05-12	North America	USA	Delaware
USA/CT-Yale-382/2020	2020-05-01	North America	USA	Delaware
USA/CT-Yale-383/2020	2020-05-01	North America	USA	Delaware
USA/CT-Yale-384/2020	2020-05-22	North America	USA	Delaware
USA/CT-Yale-385/2020	2020-05-20	North America	USA	Delaware
USA/CT-Yale-386/2020	2020-05-22	North America	USA	Delaware
USA/CT-Yale-387/2020	2020-05-28	North America	USA	Delaware
USA/CT-Yale-388/2020	2020-05-20	North America	USA	Delaware
USA/CT-Yale-389/2020	2020-05-29	North America	USA	Delaware
USA/CT-Yale-390/2020	2020-06-22	North America	USA	Delaware
USA/CT-Yale-393/2020	2020-06-13	North America	USA	Connecticut
USA/CT-Yale-395/2020	2020-05-05	North America	USA	Connecticut
USA/CT-Yale-396/2020	2020-05-05	North America	USA	Connecticut
USA/CT-Yale-397/2020	2020-05-05	North America	USA	Connecticut
USA/CT-Yale-398/2020	2020-05-04	North America	USA	Connecticut
USA/CT-Yale-399/2020	2020-05-11	North America	USA	Connecticut
USA/CT-Yale-400/2020	2020-05-07	North America	USA	Connecticut
USA/CT-Yale-402/2020	2020-03-31	North America	USA	Connecticut
USA/CT-Yale-403/2020	2020-03-31	North America	USA	Connecticut
USA/CT-Yale-404/2020	2020-03-31	North America	USA	Connecticut
USA/CT-Yale-405/2020	2020-03-31	North America	USA	Connecticut
USA/CT-Yale-406/2020	2020-04-01	North America	USA	Connecticut
USA/CT-Yale-407/2020	2020-04-01	North America	USA	Connecticut
USA/CT-Yale-408/2020	2020-04-01	North America	USA	Connecticut
USA/CT-Yale-409/2020	2020-04-03	North America	USA	Connecticut
USA/CT-Yale-426/2020	2020-04-27	North America	USA	Connecticut
USA/CT-Yale-451/2020	2020-09-12	North America	USA	Connecticut
USA/CT-Yale-452/2020	2020-09-12	North America	USA	Connecticut
USA/CT-Yale-453/2020	2020-09-12	North America	USA	Connecticut
USA/CT-Yale-454/2020	2020-09-12	North America	USA	Connecticut
USA/CT-Yale-455/2020	2020-09-12	North America	USA	Connecticut
USA/CT-Yale-458/2020	2020-09-12	North America	USA	Connecticut
USA/CT-Yale-459/2020	2020-09-12	North America	USA	Connecticut
USA/CT-Yale-460/2020	2020-09-12	North America	USA	Connecticut
USA/CT-Yale-461/2020	2020-09-12	North America	USA	Connecticut
USA/CT-Yale-462/2020	2020-09-12	North America	USA	Connecticut
USA/CT-Yale-463/2020	2020-09-12	North America	USA	Connecticut
USA/CT-Yale-464/2020	2020-09-12	North America	USA	Connecticut
USA/CT-Yale-465/2020	2020-09-12	North America	USA	Connecticut
USA/CT-Yale-466/2020	2020-09-12	North America	USA	Connecticut
USA/CT-Yale-467/2020	2020-09-12	North America	USA	Connecticut
USA/CT-Yale-470/2020	2020-09-19	North America	USA	Connecticut
USA/CT-Yale-471/2020	2020-09-19	North America	USA	Connecticut
USA/CT-Yale-475/2020	2020-09-19	North America	USA	Connecticut
USA/CT-Yale-476/2020	2020-09-19	North America	USA	Connecticut
USA/CT-Yale-478/2020	2020-09-18	North America	USA	Connecticut
USA/CT-Yale-479/2020	2020-09-18	North America	USA	Connecticut
USA/CT-Yale-480/2020	2020-09-18	North America	USA	Connecticut
USA/CT-Yale-481/2020	2020-09-18	North America	USA	Connecticut
USA/CT-Yale-482/2020	2020-09-18	North America	USA	Connecticut
USA/CT-Yale-483/2020	2020-09-18	North America	USA	Connecticut
USA/CT-Yale-484/2020	2020-09-18	North America	USA	Connecticut
USA/CT-Yale-485/2020	2020-09-18	North America	USA	Connecticut
USA/CT-Yale-486/2020	2020-09-18	North America	USA	Connecticut
USA/CT-Yale-488/2020	2020-10-12	North America	USA	Connecticut
USA/CT-Yale-489/2020	2020-10-13	North America	USA	Connecticut
USA/CT-Yale-490/2020	2020-10-13	North America	USA	Connecticut
USA/CT-Yale-491/2020	2020-10-14	North America	USA	Connecticut
USA/CT-Yale-492/2020	2020-10-14	North America	USA	Connecticut
USA/CT-Yale-493/2020	2020-10-16	North America	USA	Connecticut
USA/CT-Yale-494/2020	2020-10-16	North America	USA	Connecticut
USA/CT-Yale-495/2020	2020-10-13	North America	USA	Connecticut
USA/CT-Yale-496/2020	2020-10-12	North America	USA	Connecticut
USA/CT-Yale-497/2020	2020-10-12	North America	USA	Connecticut
USA/CT-Yale-499/2020	2020-10-13	North America	USA	Connecticut
USA/CT-Yale-500/2020	2020-10-14	North America	USA	Connecticut
USA/CT-Yale-501/2020	2020-10-12	North America	USA	Connecticut
USA/CT-Yale-505/2020	2020-11-05	North America	USA	Connecticut
USA/CT-Yale-506/2020	2020-11-05	North America	USA	Connecticut
USA/CT-Yale-508/2020	2020-11-05	North America	USA	Connecticut
USA/CT-Yale-509/2020	2020-11-05	North America	USA	Connecticut
USA/CT-Yale-510/2020	2020-11-05	North America	USA	Connecticut
USA/CT-Yale-512/2020	2020-11-05	North America	USA	Connecticut
USA/CT-Yale-513/2020	2020-11-05	North America	USA	Connecticut
USA/CT-Yale-514/2020	2020-11-05	North America	USA	Connecticut
USA/CT-Yale-515/2020	2020-11-05	North America	USA	Connecticut
USA/CT-Yale-517/2020	2020-11-05	North America	USA	Connecticut
USA/CT-Yale-518/2020	2020-11-05	North America	USA	Connecticut
USA/CT-Yale-521/2020	2020-11-02	North America	USA	Connecticut
USA/CT-Yale-522/2020	2020-11-03	North America	USA	Connecticut
USA/CT-Yale-523/2020	2020-11-04	North America	USA	Connecticut
USA/CT-Yale-525/2020	2020-11-04	North America	USA	Connecticut
USA/CT-Yale-526/2020	2020-11-05	North America	USA	Connecticut
USA/CT-Yale-527/2020	2020-11-05	North America	USA	Connecticut
USA/CT-Yale-528/2020	2020-11-06	North America	USA	Connecticut
USA/CT-Yale-529/2020	2020-11-10	North America	USA	Connecticut
USA/CT-Yale-530/2020	2020-11-10	North America	USA	Connecticut
USA/CT-Yale-541/2020	2020-03-30	North America	USA	Connecticut
USA/CT-Yale-567/2020	2020-06-25	North America	USA	Connecticut
USA/CT-Yale-568/2020	2020-10-31	North America	USA	Connecticut
USA/CT-Yale-570/2020	2020-10-29	North America	USA	Connecticut
USA/CT-Yale-571/2020	2020-11-02	North America	USA	Connecticut
USA/CT-Yale-572/2020	2020-10-29	North America	USA	Connecticut
USA/CT-Yale-573/2020	2020-10-28	North America	USA	Connecticut
USA/CT-Yale-574/2020	2020-11-02	North America	USA	Connecticut
USA/CT-Yale-575/2020	2020-11-06	North America	USA	Connecticut
USA/CT-Yale-576/2020	2020-11-03	North America	USA	Connecticut
USA/CT-Yale-577/2020	2020-11-06	North America	USA	Connecticut
USA/CT-Yale-578/2020	2020-05-14	North America	USA	Connecticut
USA/CT-Yale-579/2020	2020-05-14	North America	USA	Connecticut
USA/CT-Yale-580/2020	2020-05-22	North America	USA	Connecticut
USA/CT-Yale-581/2020	2020-05-26	North America	USA	Connecticut
USA/CT-Yale-582/2020	2020-05-27	North America	USA	Connecticut
USA/CT-Yale-583/2020	2020-05-28	North America	USA	Connecticut
USA/CT-Yale-584/2020	2020-05-28	North America	USA	Connecticut
USA/CT-Yale-585/2020	2020-04-05	North America	USA	Connecticut
USA/CT-Yale-586/2020	2020-05-10	North America	USA	Connecticut
USA/CT-Yale-588/2020	2020-03-31	North America	USA	Connecticut
USA/CT-Yale-589/2020	2020-03-31	North America	USA	Connecticut
USA/CT-Yale-590/2020	2020-03-31	North America	USA	Connecticut
USA/CT-Yale-591/2020	2020-04-02	North America	USA	Connecticut
USA/CT-Yale-592/2020	2020-04-03	North America	USA	Connecticut
USA/CT-Yale-598/2020	2020-05-01	North America	USA	Connecticut
USA/CT-Yale-600/2020	2020-05-02	North America	USA	Connecticut
USA/CT-Yale-601/2020	2020-05-03	North America	USA	Connecticut
USA/CT-Yale-603/2020	2020-05-04	North America	USA	Connecticut
USA/CT-Yale-604/2020	2020-05-05	North America	USA	Connecticut
USA/CT-Yale-605/2020	2020-05-05	North America	USA	Connecticut
USA/CT-Yale-606/2020	2020-05-05	North America	USA	Connecticut
USA/CT-Yale-607/2020	2020-05-06	North America	USA	Connecticut
USA/CT-Yale-608/2020	2020-05-06	North America	USA	Connecticut
USA/CT-Yale-609/2020	2020-05-07	North America	USA	Connecticut
USA/CT-Yale-610/2020	2020-05-07	North America	USA	Connecticut
USA/CT-Yale-611/2020	2020-05-07	North America	USA	Connecticut
USA/CT-Yale-612/2020	2020-05-07	North America	USA	Connecticut
USA/CT-Yale-613/2020	2020-05-08	North America	USA	Connecticut
USA/CT-Yale-615/2020	2020-05-09	North America	USA	Connecticut
USA/CT-Yale-616/2020	2020-05-09	North America	USA	Connecticut
USA/CT-Yale-620/2020	2020-05-11	North America	USA	Connecticut
USA/CT-Yale-624/2020	2020-06-03	North America	USA	Connecticut
USA/CT-Yale-625/2020	2020-06-13	North America	USA	Connecticut
USA/CT-Yale-626/2020	2020-06-16	North America	USA	Connecticut
USA/CT-Yale-628/2020	2020-07-10	North America	USA	Connecticut
USA/CT-Yale-629/2020	2020-07-10	North America	USA	Connecticut
USA/CT-Yale-631/2020	2020-07-21	North America	USA	Connecticut
USA/CT-Yale-642/2020	2020-11-03	North America	USA	Connecticut
USA/CT-Yale-643/2020	2020-11-05	North America	USA	Connecticut
USA/CT-Yale-644/2020	2020-11-03	North America	USA	Connecticut
USA/CT-Yale-645/2020	2020-11-05	North America	USA	Connecticut
USA/CT-Yale-665/2020	2020-12-13	North America	USA	Connecticut
USA/CT-Yale-675/2020	2020-12-12	North America	USA	Connecticut
USA/CT-Yale-676/2020	2020-12-03	North America	USA	Connecticut
USA/CT-Yale-677/2020	2020-12-31	North America	USA	Connecticut
USA/CT-Yale-678/2021	2021-01-01	North America	USA	Connecticut
USA/CT-Yale-680/2020	2020-11-03	North America	USA	Connecticut
USA/CT-Yale-681/2021	2021-01-02	North America	USA	Connecticut
USA/CT-Yale-682/2021	2021-01-03	North America	USA	Connecticut
USA/CT-Yale-S001/2020	2020-12-28	North America	USA	Connecticut
USA/CT-Yale-S002/2020	2020-12-31	North America	USA	Connecticut
USA/CT-Yale-S003/2020	2020-12-29	North America	USA	Connecticut
USA/CT-Yale-S004/2020	2020-12-31	North America	USA	Connecticut
USA/CT-Yale-S005/2020	2020-12-28	North America	USA	Connecticut
USA/CT-Yale-S006/2020	2020-12-28	North America	USA	Connecticut
USA/CT-Yale-S007/2020	2020-12-28	North America	USA	Connecticut
USA/CT-Yale-S008/2020	2020-12-28	North America	USA	Connecticut
USA/CT-Yale-S009/2020	2020-12-28	North America	USA	Connecticut
USA/CT-Yale-S010/2020	2020-12-28	North America	USA	Connecticut
USA/CT-Yale-S011/2020	2020-12-29	North America	USA	Connecticut
USA/CT-Yale-S012/2020	2020-12-29	North America	USA	Connecticut
USA/CT-Yale-S014/2020	2020-12-30	North America	USA	Connecticut
USA/CT-Yale-S015/2020	2020-12-29	North America	USA	Connecticut
USA/CT-Yale-S016/2021	2021-01-01	North America	USA	Connecticut
USA/CT-Yale-S017/2020	2020-12-29	North America	USA	Connecticut
USA/CT-Yale-S018/2021	2021-01-02	North America	USA	Connecticut
USA/CT-Yale-S019/2021	2021-01-04	North America	USA	Connecticut
USA/CT-Yale-S046/2020	2020-12-15	North America	USA	Connecticut
USA/CT-Yale-S047/2021	2021-01-05	North America	USA	Connecticut
USA/CT-Yale-S048/2021	2021-01-05	North America	USA	Connecticut
USA/CT-Yale-S100/2021	2021-01-05	North America	USA	Connecticut
USA/CT-Yale-S101/2021	2021-01-03	North America	USA	Connecticut
USA/CT-Yale-S102/2021	2021-01-05	North America	USA	Connecticut
USA/CT-Yale-S103/2021	2021-01-03	North America	USA	Connecticut
USA/CT-Yale-S105/2021	2021-01-11	North America	USA	Connecticut
USA/CT-Yale-S106/2021	2021-01-11	North America	USA	Connecticut
USA/CT-Yale-S124/2021	2021-01-12	North America	USA	Connecticut
USA/CT-Yale-S125/2021	2021-01-12	North America	USA	Connecticut
USA/CT-Yale-S126/2021	2021-01-12	North America	USA	Connecticut
USA/CT-Yale-S131/2021	2021-01-16	North America	USA	Connecticut
USA/CT-Yale-S153/2021	2021-01-18	North America	USA	Connecticut
USA/CT-Yale-S154/2021	2021-01-18	North America	USA	Connecticut
USA/CT-Yale-S197/2021	2021-01-04	North America	USA	Connecticut
USA/CT-Yale-S198/2021	2021-01-04	North America	USA	Connecticut
USA/CT-Yale-S199/2020	2020-12-29	North America	USA	Connecticut
USA/CT-Yale-S220/2021	2021-01-22	North America	USA	Connecticut
USA/CT-Yale-S221/2021	2021-01-15	North America	USA	Connecticut
USA/CT-Yale-S249/2021	2021-01-26	North America	USA	Connecticut
USA/CT-Yale-S250/2021	2021-01-26	North America	USA	Connecticut
USA/CT-Yale-S252/2021	2021-01-27	North America	USA	Connecticut
USA/CT-Yale-S253/2021	2021-01-27	North America	USA	Connecticut
USA/CT-Yale-S254/2021	2021-01-27	North America	USA	Connecticut
USA/CT-Yale-S255/2021	2021-01-27	North America	USA	Connecticut
USA/CT-Yale-S256/2021	2021-01-05	North America	USA	Connecticut
USA/FL-Yale-1288/2020	2020-04-08	North America	USA	Florida
USA/FL-Yale-434/2020	2020-04-08	North America	USA	Florida
USA/FL-Yale-S051/2020	2020-12-26	North America	USA	Florida
USA/IL-Yale-S024/2020	2020-12-31	North America	USA	Illinois
USA/IL-Yale-S025/2021	2021-01-03	North America	USA	Illinois
USA/IL-Yale-S109/2021	2021-01-04	North America	USA	Illinois
USA/IL-Yale-S110/2021	2021-01-04	North America	USA	Illinois
USA/IL-Yale-S112/2021	2021-01-06	North America	USA	Illinois
USA/IL-Yale-S115/2021	2021-01-07	North America	USA	Illinois
USA/IL-Yale-S116/2021	2021-01-07	North America	USA	Illinois
USA/IL-Yale-S118/2021	2021-01-08	North America	USA	Illinois
USA/IL-Yale-S119/2021	2021-01-08	North America	USA	Illinois
USA/IL-Yale-S120/2021	2021-01-08	North America	USA	Illinois
USA/IL-Yale-S121/2021	2021-01-08	North America	USA	Illinois
USA/IL-Yale-S123/2021	2021-01-07	North America	USA	Illinois
USA/IL-Yale-S135/2021	2021-01-11	North America	USA	Illinois
USA/IL-Yale-S137/2021	2021-01-12	North America	USA	Illinois
USA/IL-Yale-S139/2021	2021-01-13	North America	USA	Illinois
USA/IL-Yale-S140/2021	2021-01-14	North America	USA	Illinois
USA/IL-Yale-S144/2021	2021-01-14	North America	USA	Illinois
USA/IL-Yale-S146/2021	2021-01-15	North America	USA	Illinois
USA/IL-Yale-S147/2021	2021-01-15	North America	USA	Illinois
USA/IL-Yale-S148/2021	2021-01-15	North America	USA	Illinois
USA/IL-Yale-S149/2021	2021-01-16	North America	USA	Illinois
USA/IL-Yale-S150/2021	2021-01-16	North America	USA	Illinois
USA/IL-Yale-S151/2021	2021-01-17	North America	USA	Illinois
USA/IL-Yale-S229/2021	2021-01-02	North America	USA	Illinois
USA/IL-Yale-S247/2021	2021-01-25	North America	USA	Illinois
USA/MA-Yale-1020/2020	2020-04-07	North America	USA	Massachusetts
USA/MA-Yale-1026/2020	2020-04-09	North America	USA	Massachusetts
USA/MA-Yale-1027/2020	2020-04-09	North America	USA	Massachusetts
USA/MA-Yale-1028/2020	2020-04-09	North America	USA	Massachusetts
USA/MA-Yale-1029/2020	2020-04-09	North America	USA	Massachusetts
USA/MA-Yale-1030/2020	2020-04-09	North America	USA	Massachusetts
USA/MA-Yale-1031/2020	2020-04-11	North America	USA	Massachusetts
USA/MA-Yale-1033/2020	2020-04-13	North America	USA	Massachusetts
USA/MA-Yale-1034/2020	2020-04-13	North America	USA	Massachusetts
USA/MA-Yale-1035/2020	2020-04-13	North America	USA	Massachusetts
USA/MA-Yale-1036/2020	2020-04-21	North America	USA	Massachusetts
USA/MA-Yale-1037/2020	2020-04-23	North America	USA	Massachusetts
USA/MA-Yale-1053/2020	2020-05-13	North America	USA	Massachusetts
USA/MA-Yale-1054/2020	2020-05-14	North America	USA	Massachusetts
USA/MA-Yale-1055/2020	2020-05-15	North America	USA	Massachusetts
USA/MA-Yale-1059/2020	2020-04-23	North America	USA	Massachusetts
USA/MA-Yale-1060/2020	2020-04-23	North America	USA	Massachusetts
USA/MA-Yale-1061/2020	2020-04-23	North America	USA	Massachusetts
USA/MA-Yale-1062/2020	2020-04-23	North America	USA	Massachusetts
USA/MA-Yale-1065/2020	2020-04-29	North America	USA	Massachusetts
USA/MA-Yale-1066/2020	2020-04-29	North America	USA	Massachusetts
USA/MA-Yale-1067/2020	2020-04-30	North America	USA	Massachusetts
USA/MA-Yale-1069/2020	2020-05-01	North America	USA	Massachusetts
USA/MA-Yale-1070/2020	2020-05-01	North America	USA	Massachusetts
USA/MA-Yale-1071/2020	2020-05-01	North America	USA	Massachusetts
USA/MA-Yale-1072/2020	2020-05-01	North America	USA	Massachusetts
USA/MA-Yale-1073/2020	2020-05-01	North America	USA	Massachusetts
USA/MA-Yale-1074/2020	2020-05-01	North America	USA	Massachusetts
USA/MA-Yale-1077/2020	2020-05-01	North America	USA	Massachusetts
USA/MA-Yale-1079/2020	2020-05-05	North America	USA	Massachusetts
USA/MA-Yale-1083/2020	2020-05-05	North America	USA	Massachusetts
USA/MA-Yale-1084/2020	2020-05-06	North America	USA	Massachusetts
USA/MA-Yale-1085/2020	2020-05-06	North America	USA	Massachusetts
USA/MA-Yale-1086/2020	2020-05-06	North America	USA	Massachusetts
USA/MA-Yale-1090/2020	2020-05-06	North America	USA	Massachusetts
USA/MA-Yale-1091/2020	2020-05-06	North America	USA	Massachusetts
USA/MA-Yale-1092/2020	2020-05-06	North America	USA	Massachusetts
USA/MA-Yale-1093/2020	2020-05-07	North America	USA	Massachusetts
USA/MA-Yale-1094/2020	2020-05-07	North America	USA	Massachusetts
USA/MA-Yale-1098/2020	2020-05-08	North America	USA	Massachusetts
USA/MA-Yale-1099/2020	2020-05-12	North America	USA	Massachusetts
USA/MA-Yale-1101/2020	2020-05-21	North America	USA	Massachusetts
USA/MA-Yale-1103/2020	2020-05-21	North America	USA	Massachusetts
USA/MA-Yale-1278/2020	2020-07-28	North America	USA	Massachusetts
USA/MA-Yale-1279/2020	2020-07-29	North America	USA	Massachusetts
USA/MA-Yale-1282/2020	2020-08-12	North America	USA	Massachusetts
USA/MA-Yale-1283/2020	2020-08-14	North America	USA	Massachusetts
USA/MA-Yale-1287/2020	2020-05-20	North America	USA	Massachusetts
USA/MA-Yale-1290/2020	2020-04-08	North America	USA	Massachusetts
USA/MA-Yale-1291/2020	2020-04-08	North America	USA	Massachusetts
USA/MA-Yale-1292/2020	2020-04-08	North America	USA	Massachusetts
USA/MA-Yale-1293/2020	2020-04-08	North America	USA	Massachusetts
USA/MA-Yale-1294/2020	2020-04-08	North America	USA	Massachusetts
USA/MA-Yale-1295/2020	2020-04-08	North America	USA	Massachusetts
USA/MA-Yale-1299/2020	2020-04-08	North America	USA	Massachusetts
USA/MA-Yale-1301/2020	2020-04-08	North America	USA	Massachusetts
USA/MA-Yale-1303/2020	2020-04-08	North America	USA	Massachusetts
USA/MA-Yale-1304/2020	2020-04-08	North America	USA	Massachusetts
USA/MA-Yale-1306/2020	2020-04-08	North America	USA	Massachusetts
USA/MA-Yale-1307/2020	2020-04-08	North America	USA	Massachusetts
USA/MA-Yale-1316/2020	2020-04-12	North America	USA	Massachusetts
USA/MA-Yale-410/2020	2020-04-16	North America	USA	Massachusetts
USA/MA-Yale-413/2020	2020-04-20	North America	USA	Massachusetts
USA/MA-Yale-414/2020	2020-04-20	North America	USA	Massachusetts
USA/MA-Yale-415/2020	2020-04-22	North America	USA	Massachusetts
USA/MA-Yale-416/2020	2020-04-23	North America	USA	Massachusetts
USA/MA-Yale-417/2020	2020-04-23	North America	USA	Massachusetts
USA/MA-Yale-418/2020	2020-04-23	North America	USA	Massachusetts
USA/MA-Yale-419/2020	2020-04-24	North America	USA	Massachusetts
USA/MA-Yale-420/2020	2020-04-29	North America	USA	Massachusetts
USA/MA-Yale-421/2020	2020-04-29	North America	USA	Massachusetts
USA/MA-Yale-422/2020	2020-05-01	North America	USA	Massachusetts
USA/MA-Yale-423/2020	2020-05-01	North America	USA	Massachusetts
USA/MA-Yale-424/2020	2020-04-08	North America	USA	Massachusetts
USA/MA-Yale-425/2020	2020-04-08	North America	USA	Massachusetts
USA/MA-Yale-427/2020	2020-04-08	North America	USA	Massachusetts
USA/MA-Yale-428/2020	2020-04-08	North America	USA	Massachusetts
USA/MA-Yale-429/2020	2020-04-08	North America	USA	Massachusetts
USA/MA-Yale-430/2020	2020-04-08	North America	USA	Massachusetts
USA/MA-Yale-431/2020	2020-04-08	North America	USA	Massachusetts
USA/MA-Yale-432/2020	2020-04-08	North America	USA	Massachusetts
USA/MA-Yale-433/2020	2020-04-08	North America	USA	Massachusetts
USA/MA-Yale-435/2020	2020-04-09	North America	USA	Massachusetts
USA/MA-Yale-436/2020	2020-04-09	North America	USA	Massachusetts
USA/MA-Yale-437/2020	2020-04-10	North America	USA	Massachusetts
USA/MA-Yale-438/2020	2020-04-10	North America	USA	Massachusetts
USA/MA-Yale-439/2020	2020-04-10	North America	USA	Massachusetts
USA/MA-Yale-440/2020	2020-04-11	North America	USA	Massachusetts
USA/MA-Yale-441/2020	2020-04-11	North America	USA	Massachusetts
USA/MA-Yale-442/2020	2020-04-14	North America	USA	Massachusetts
USA/MA-Yale-443/2020	2020-04-14	North America	USA	Massachusetts
USA/MA-Yale-446/2020	2020-04-15	North America	USA	Massachusetts
USA/MA-Yale-447/2020	2020-04-15	North America	USA	Massachusetts
USA/MA-Yale-448/2020	2020-04-16	North America	USA	Massachusetts
USA/MA-Yale-593/2020	2020-04-09	North America	USA	Massachusetts
USA/MA-Yale-594/2020	2020-04-15	North America	USA	Massachusetts
USA/MA-Yale-595/2020	2020-04-22	North America	USA	Massachusetts
USA/MA-Yale-S111/2021	2021-01-05	North America	USA	Massachusetts
USA/ME-Yale-1087/2020	2020-05-06	North America	USA	Maine
USA/NC-Yale-S206/2021	2021-01-11	North America	USA	North Carolina
USA/NH-Yale-1075/2020	2020-05-01	North America	USA	New Hampshire
USA/NH-Yale-444/2020	2020-04-14	North America	USA	New Hampshire
USA/NJ-Yale-S020/2020	2020-12-24	North America	USA	New Jersey
USA/NJ-Yale-S114/2021	2021-01-06	North America	USA	New Jersey
USA/NJ-Yale-S122/2021	2021-01-07	North America	USA	New Jersey
USA/NJ-Yale-S132/2021	2021-01-09	North America	USA	New Jersey
USA/NJ-Yale-S133/2021	2021-01-09	North America	USA	New Jersey
USA/NJ-Yale-S141/2021	2021-01-14	North America	USA	New Jersey
USA/NJ-Yale-S142/2021	2021-01-14	North America	USA	New Jersey
USA/NJ-Yale-S143/2021	2021-01-14	North America	USA	New Jersey
USA/NJ-Yale-S145/2021	2021-01-15	North America	USA	New Jersey
USA/NJ-Yale-S230/2021	2021-01-18	North America	USA	New Jersey
USA/NJ-Yale-S233/2021	2021-01-19	North America	USA	New Jersey
USA/NJ-Yale-S234/2021	2021-01-19	North America	USA	New Jersey
USA/NJ-Yale-S235/2021	2021-01-18	North America	USA	New Jersey
USA/NJ-Yale-S239/2021	2021-01-21	North America	USA	New Jersey
USA/NJ-Yale-S241/2021	2021-01-21	North America	USA	New Jersey
USA/NJ-Yale-S242/2021	2021-01-23	North America	USA	New Jersey
USA/NY-Yale-022/2020	2020-03-18	North America	USA	New York
USA/NY-Yale-025/2020	2020-03-19	North America	USA	New York
USA/NY-Yale-026/2020	2020-03-19	North America	USA	New York
USA/NY-Yale-030/2020	2020-03-17	North America	USA	New York
USA/NY-Yale-1107/2020	2020-12-30	North America	USA	New York
USA/NY-Yale-1108/2020	2020-12-21	North America	USA	New York
USA/NY-Yale-1109/2020	2020-12-21	North America	USA	New York
USA/NY-Yale-1117/2020	2020-12-29	North America	USA	New York
USA/NY-Yale-1123/2020	2020-12-28	North America	USA	New York
USA/NY-Yale-1145/2020	2020-12-18	North America	USA	New York
USA/NY-Yale-1149/2020	2020-12-28	North America	USA	New York
USA/NY-Yale-1154/2021	2021-01-04	North America	USA	New York
USA/NY-Yale-1170/2020	2020-12-04	North America	USA	New York
USA/NY-Yale-1179/2020	2020-11-30	North America	USA	New York
USA/NY-Yale-1181/2020	2020-11-05	North America	USA	New York
USA/NY-Yale-1182/2020	2020-11-24	North America	USA	New York
USA/NY-Yale-1183/2020	2020-11-16	North America	USA	New York
USA/NY-Yale-1184/2020	2020-12-01	North America	USA	New York
USA/NY-Yale-1198/2021	2021-01-25	North America	USA	New York
USA/NY-Yale-1199/2021	2021-01-25	North America	USA	New York
USA/NY-Yale-1200/2021	2021-01-24	North America	USA	New York
USA/NY-Yale-1201/2021	2021-01-25	North America	USA	New York
USA/NY-Yale-1203/2021	2021-01-25	North America	USA	New York
USA/NY-Yale-1204/2021	2021-01-25	North America	USA	New York
USA/NY-Yale-1205/2021	2021-01-25	North America	USA	New York
USA/NY-Yale-1206/2021	2021-01-25	North America	USA	New York
USA/NY-Yale-1208/2021	2021-01-26	North America	USA	New York
USA/NY-Yale-1209/2021	2021-01-26	North America	USA	New York
USA/NY-Yale-1211/2021	2021-01-25	North America	USA	New York
USA/NY-Yale-1229/2021	2021-01-29	North America	USA	New York
USA/NY-Yale-1236/2020	2020-11-25	North America	USA	New York
USA/NY-Yale-1331/2020	2020-12-07	North America	USA	New York
USA/NY-Yale-1342/2021	2021-01-11	North America	USA	New York
USA/NY-Yale-1347/2020	2020-11-17	North America	USA	New York
USA/NY-Yale-1357/2021	2021-01-11	North America	USA	New York
USA/NY-Yale-S021/2020	2020-12-27	North America	USA	New York
USA/NY-Yale-S107/2021	2021-01-08	North America	USA	New York
USA/NY-Yale-S224/2021	2021-01-06	North America	USA	New York
USA/OH-Yale-S050/2020	2020-11-18	North America	USA	Ohio
USA/RI-Yale-1058/2020	2020-04-11	North America	USA	Rhode Island
USA/RI-Yale-1235/2020	2020-06-24	North America	USA	Rhode Island
USA/RI-Yale-1285/2020	2020-04-18	North America	USA	Rhode Island
USA/RI-Yale-1310/2020	2020-04-10	North America	USA	Rhode Island
USA/RI-Yale-1311/2020	2020-07-09	North America	USA	Rhode Island
USA/RI-Yale-1322/2020	2020-06-01	North America	USA	Rhode Island
USA/RI-Yale-1324/2020	2020-05-29	North America	USA	Rhode Island
USA/RI-Yale-1326/2020	2020-05-01	North America	USA	Rhode Island
USA/RI-Yale-1327/2020	2020-04-15	North America	USA	Rhode Island
USA/RI-Yale-412/2020	2020-04-17	North America	USA	Rhode Island
USA/RI-Yale-445/2020	2020-04-15	North America	USA	Rhode Island
USA/TN-Yale-S049/2021	2021-01-05	North America	USA	Tennessee
USA/TX-Yale-1044/2020	2020-04-27	North America	USA	Texas
USA/TX-Yale-S022/2020	2020-12-29	North America	USA	Texas
USA/UT-Yale-1317/2021	2021-01-15	North America	USA	Utah
USA/UT-Yale-1359/2021	2021-01-18	North America	USA	Utah
USA/WI-Yale-1136/2020	2020-12-15	North America	USA	Wisconsin
USA/un-Yale-1078/2020	2020-05-01	North America	USA	USA
USA/un-Yale-1281/2020	2020-08-05	North America	USA	USA
USA/un-Yale-1315/2020	2020-04-06	North America	USA	USA
USA/un-Yale-S260/2021	2021-01-01	North America	USA	USA
USA/un-Yale-S261/2021	2021-01-01	North America	USA	USA
USA/un-Yale-S262/2021	2021-01-01	North America	USA	USA
USA/un-Yale-S263/2021	2021-01-01	North America	USA	USA
USA/un-Yale-S264/2021	2021-01-01	North America	USA	USA
USA/un-Yale-S265/2021	2021-01-01	North America	USA	USA
USA/un-Yale-S266/2021	2021-01-01	North America	USA	USA
